{
    "accuracy": 0.6467469879518072,
    "precision": 0.798728813559322,
    "recall": 0.37142857142857144,
    "auc": 0.6974453945533973
}